tag	label	1	2	3	4	5	6	7	8	9	10	11	12	13	14	15	16	17	18	19	20	21	22	23	24	25	26	27	28	29	30	31	32	33	34	35	36	37	38	39	40	41	42	43	44	45	46	47	48	49	50	51	52	53	54	55	56	57	58	59	60	61	62	63	64	65	66	67	68	69	70	71	72	73	74	75	76	77	78	79	80	81	82	83	84	85	86	87	88	89	90	91	92	93	94	95	96	97	98	99	100	101	102	103	104	105	106	107	108	109	110	111	112	113	114	115	116	117	118	119	120	121	122	123	124	125	126	127	128	129	130	131	132	133	134	135	136	137	138	139	140	141	142	143	144	145	146	147	148	149	150	151	152	153	154	155	156	157	158	159	160	161	162	163	164	165	166	167	168	169	170	171	172	173	174	175	176	177	178	179	180	181	182	183	184	185	186	187	188	189	190	191	192	193	194	195	196	197	198	199	200	201	202	203	204	205	206	207	208	209	210	211	212	213	214	215	216	217	218	219	220	221	222	223	224	225	226	227	228	229	230	231	232	233	234	235	236	237	238	239	240
rna-seq	wet-lab	241	207	164	198	116	182	235	304	390	232	139	182	201	209	179	187	164	162	157	174	72	88	96	107	78	160	263	252	198	188	222	233	242	239	224	245	236	268	214	196	207	190	164	195	193	184	181	199	199	201	193	223	262	200	206	145	204	213	243	175	206	221	217	206	198	225	234	209	186	228	232	240	194	199	210	197	220	167	199	186	171	152	156	171	187	143	187	175	163	163	160	139	33	33	23	34	27	18	12	11	19	7	15	12	7	7	4	9	9	2	2	7	10	3	11	16	11	14	16	8	12	17	14	10	9	10	11	12	8	12	14	14	18	11	6	12	11	8	26	14	7	9	9	0	0	0	0	0	0	0	0	0	0	0	0	0	0	0	0	0	0	0	0	0	0	0	0	0	0	0	0	0	0	0	0	0	0	0	0	0	0	0	0	0	0	0	0	0	0	0	0	0	0	0	0	0	0	0	0	0	0	0	0	0	0	0	0	0	0	0	0	0	0	0	0	0	0	0	0	0	0	0	0	0	0	0	0	0	0	0	0	0	0	0	0	0	0	0	0	0
alignment	pipeline	71	69	86	100	37	65	129	125	145	91	59	101	77	95	86	98	74	61	75	43	30	27	43	40	30	91	99	88	64	60	75	68	82	73	66	69	73	101	95	74	72	54	45	71	76	66	64	63	87	72	69	77	97	75	93	65	87	81	82	61	73	87	70	76	68	75	87	74	61	74	73	82	58	76	75	66	63	57	71	61	73	64	51	58	74	55	71	64	59	76	53	39	16	21	13	19	17	9	8	5	7	6	5	2	12	8	9	4	3	2	4	5	6	8	8	8	9	6	9	11	8	14	10	9	9	11	13	5	15	10	11	7	9	3	4	6	2	3	10	7	5	9	8	19	12	4	7	8	9	5	11	6	8	4	1	5	14	5	5	0	2	4	3	3	2	0	0	3	3	1	0	0	0	0	0	0	0	0	0	0	0	0	0	0	0	0	0	0	0	0	0	0	0	0	0	0	0	0	0	0	0	0	0	0	0	0	0	0	0	0	0	0	0	0	0	0	0	0	0	0	0	0	0	0	0	0	0	0	0	0	0	0	0	0	0	0	0	0	0	0
snp	variant	62	79	67	82	38	82	86	123	155	66	76	85	83	92	101	97	70	55	69	65	33	32	33	28	25	68	79	70	55	64	59	52	68	68	63	78	84	73	73	74	78	67	61	67	68	65	56	57	74	79	84	86	66	71	68	74	99	76	62	73	81	66	76	70	86	82	68	68	52	77	61	65	57	79	62	71	71	59	86	61	68	57	77	71	72	69	55	60	52	60	68	64	12	13	9	11	11	12	3	6	4	12	3	5	11	6	9	7	4	3	3	3	5	5	12	7	11	17	12	16	16	18	9	11	13	12	14	6	9	11	12	7	11	7	12	16	8	7	17	11	3	9	8	18	12	6	5	14	7	17	21	17	11	15	12	11	20	18	18	5	8	11	2	2	1	1	0	2	3	1	0	0	0	0	0	0	0	0	0	0	0	0	0	0	0	0	0	0	0	0	0	0	0	0	0	0	0	0	0	0	0	0	0	0	0	0	0	0	0	0	0	0	0	0	0	0	0	0	0	0	0	0	0	0	0	0	0	0	0	0	0	0	0	0	0	0	0	0	0	0
sequencing	wet-lab	72	67	36	70	34	64	69	77	101	72	42	65	56	77	56	75	62	52	47	47	25	20	20	40	34	75	83	83	85	60	86	71	45	65	57	71	65	85	86	66	74	64	61	71	63	54	57	56	63	55	76	78	70	70	66	50	57	70	68	54	64	68	86	69	70	70	84	62	63	68	60	72	43	72	61	64	66	69	79	59	52	64	50	64	62	55	64	68	71	63	80	53	10	6	13	9	11	5	7	5	5	6	5	10	5	1	3	8	3	0	2	4	2	3	5	10	7	4	9	11	5	9	8	12	6	7	5	7	9	3	6	3	6	3	7	4	3	2	3	8	5	5	11	32	13	15	6	17	13	10	20	19	18	23	11	10	20	16	26	2	4	4	2	2	2	1	1	3	3	1	1	0	0	1	0	0	0	0	0	0	0	0	0	0	0	0	0	0	0	0	0	0	0	0	0	0	0	0	0	0	0	0	0	0	0	0	0	0	0	0	0	0	0	0	0	0	0	0	0	0	0	0	0	0	0	0	0	0	0	0	0	0	0	0	0	0	0	0	0	0
next-gen	wet-lab	66	57	32	45	15	44	64	39	76	50	33	58	61	60	56	60	61	59	37	35	7	11	15	11	11	36	68	65	65	50	52	59	57	61	45	62	43	67	65	57	66	76	38	47	68	54	38	65	68	51	69	65	83	75	62	48	55	66	67	66	78	68	81	75	73	68	71	65	68	81	86	58	64	78	73	60	63	57	88	68	57	76	62	74	77	63	59	76	63	71	78	61	10	12	9	17	10	6	5	9	6	3	6	5	6	1	7	7	5	3	4	2	5	5	4	8	5	3	3	3	3	5	7	1	4	5	1	3	5	3	5	3	11	3	6	8	2	3	6	12	6	12	18	28	13	15	7	13	14	9	18	16	17	22	11	10	18	13	23	1	4	3	2	2	1	1	1	1	3	0	0	0	0	0	0	0	0	0	0	0	0	0	0	0	0	0	0	0	0	0	0	0	0	0	0	0	0	0	0	0	0	0	0	0	0	0	0	0	0	0	0	0	0	0	0	0	0	0	0	0	0	0	0	0	0	0	0	0	0	0	0	0	0	0	0	0	0	0	0	0
sequence	wet-lab	45	58	54	48	30	56	86	91	126	71	43	54	76	64	62	51	58	55	58	43	21	10	16	26	20	50	65	42	50	51	70	68	54	43	39	48	54	82	75	54	42	47	34	42	41	37	38	40	49	42	56	42	59	47	53	39	53	55	61	38	52	59	56	60	57	59	56	44	48	61	45	62	49	53	48	51	58	45	70	69	53	61	50	55	62	45	54	63	54	53	51	51	8	10	10	14	14	12	3	4	8	1	6	1	10	5	9	4	6	0	7	4	7	6	5	6	13	6	7	6	7	4	6	5	7	8	3	11	15	3	7	10	5	3	1	6	1	5	3	8	4	2	6	30	8	7	6	8	13	12	19	7	17	6	3	7	14	19	13	4	10	3	3	3	1	1	1	4	4	2	2	0	0	0	0	0	0	0	0	0	0	0	0	0	0	0	0	0	0	0	0	0	0	0	0	0	0	0	0	0	0	0	0	0	0	0	0	0	0	0	0	0	0	0	0	0	0	0	0	0	0	0	0	0	0	0	0	0	0	0	0	0	0	0	0	0	0	0	0	0
assembly	pipeline	45	53	39	53	20	41	72	82	92	58	34	57	59	55	64	52	42	50	24	39	16	18	25	24	19	40	55	65	39	48	50	54	61	43	47	66	54	67	74	51	50	55	36	52	41	60	58	50	62	57	64	42	66	45	66	49	54	62	46	51	72	65	46	54	47	46	58	38	33	35	49	47	22	37	33	33	36	30	49	38	29	44	43	43	41	49	37	44	38	37	39	32	4	5	9	10	10	5	3	2	11	3	4	4	3	4	5	3	4	0	1	3	3	2	7	3	2	4	4	6	0	9	11	8	3	10	6	4	5	1	5	6	7	2	2	4	6	3	2	5	5	2	9	6	12	5	2	6	5	3	4	9	3	7	2	2	2	2	12	0	3	2	2	0	0	2	0	1	1	1	0	0	0	0	0	0	0	0	0	0	0	0	0	0	0	0	0	0	0	0	0	0	0	0	0	0	0	0	0	0	0	0	0	0	0	0	0	0	0	0	0	0	0	0	0	0	0	0	0	0	0	0	0	0	0	0	0	0	0	0	0	0	0	0	0	0	0	0	0	0
vcf	variant	79	61	47	69	35	61	43	68	77	65	54	55	64	55	66	61	50	49	46	49	41	49	30	46	38	43	29	26	14	16	15	14	21	22	19	31	29	32	22	17	31	24	21	32	21	21	12	10	36	19	21	26	24	34	17	34	35	21	21	21	23	25	22	23	12	36	19	25	20	18	18	14	21	31	18	30	25	24	24	33	28	10	14	18	24	24	24	23	19	14	25	17	3	3	4	4	1	3	2	0	1	1	1	6	2	2	0	3	0	2	3	4	2	1	3	6	5	14	15	5	8	12	12	6	11	9	10	7	7	4	6	11	3	7	4	6	8	3	8	4	2	5	3	7	7	5	3	5	1	4	6	3	3	5	2	3	2	3	3	1	1	1	0	1	1	0	0	0	0	0	0	0	0	0	0	0	0	0	0	0	0	0	0	0	0	0	0	0	0	0	0	0	0	0	0	0	0	0	0	0	0	0	0	0	0	0	0	0	0	0	0	0	0	0	0	0	0	0	0	0	0	0	0	0	0	0	0	0	0	0	0	0	0	0	0	0	0	0	0	0
python	software	85	69	40	79	36	51	41	46	75	63	34	48	32	37	37	43	54	44	40	42	26	24	39	31	29	55	27	27	21	26	29	26	23	20	27	23	22	20	15	18	17	22	22	27	23	18	22	12	26	17	14	23	19	26	32	14	24	28	35	36	25	15	21	25	15	29	20	21	28	24	17	30	16	21	26	27	24	18	24	26	22	21	21	22	17	13	19	11	15	17	17	20	1	7	1	4	2	4	0	1	3	1	2	3	2	0	1	3	0	1	0	1	2	4	5	5	12	8	13	8	8	6	11	8	7	4	10	8	11	10	8	7	15	6	6	1	3	5	5	6	1	5	3	13	10	1	3	2	8	5	5	7	7	6	9	2	8	4	14	5	1	1	2	2	3	0	0	1	1	1	0	0	0	0	0	0	0	0	0	0	0	0	0	0	0	0	0	0	0	0	0	0	0	0	0	0	0	0	0	0	0	0	0	0	0	0	0	0	0	0	0	0	0	0	0	0	0	0	0	0	0	0	0	0	0	0	0	0	0	0	0	0	0	0	0	0	0	0	0	0
chip-seq	wet-lab	48	28	21	39	12	27	61	70	70	35	27	15	33	38	37	27	44	26	28	24	8	11	10	10	16	20	31	29	25	30	47	25	24	32	30	33	23	36	33	27	17	19	22	24	20	21	28	23	35	24	23	33	28	29	28	16	32	22	16	30	36	41	40	26	37	36	31	21	25	26	27	38	29	32	32	35	37	30	40	45	32	35	33	41	38	27	35	26	36	40	30	27	8	7	5	5	0	2	0	1	2	0	4	5	2	4	3	0	2	2	1	0	0	2	2	3	9	2	2	7	4	4	5	7	7	3	6	3	4	7	1	10	3	0	4	3	2	2	7	7	3	7	5	7	5	3	5	0	4	2	1	3	2	4	2	1	2	1	2	2	1	0	1	1	0	0	0	0	1	1	0	0	0	0	0	0	0	0	0	0	0	0	0	0	0	0	0	0	0	0	0	0	0	0	0	0	0	0	0	0	0	0	0	0	0	0	0	0	0	0	0	0	0	0	0	0	0	0	0	0	0	0	0	0	0	0	0	0	0	0	0	0	0	0	0	0	0	0	0	0
software error	software	8	5	3	1	2	4	5	3	3	4	1	4	10	3	4	6	4	4	7	7	6	3	5	2	6	8	46	44	36	39	31	33	44	34	31	32	35	46	43	18	37	34	16	30	30	24	24	34	25	25	27	39	42	23	28	32	21	31	27	21	44	36	39	38	37	33	30	30	35	41	36	24	31	19	29	34	35	30	40	27	21	24	27	29	29	38	28	21	28	23	22	20	4	4	2	4	5	0	3	1	5	1	2	3	2	0	0	2	2	1	0	1	1	4	3	0	1	0	0	0	0	0	0	0	0	0	0	0	0	0	0	0	0	0	0	0	0	0	0	0	0	0	0	0	0	0	0	0	0	0	0	0	0	0	0	0	0	0	0	0	0	0	0	0	0	0	0	0	0	0	0	0	0	0	0	0	0	0	0	0	0	0	0	0	0	0	0	0	0	0	0	0	0	0	0	0	0	0	0	0	0	0	0	0	0	0	0	0	0	0	0	0	0	0	0	0	0	0	0	0	0	0	0	0	0	0	0	0	0	0	0	0	0	0	0	0	0	0	0	0
blast	tool	30	39	46	52	17	43	62	78	72	48	36	47	51	59	55	48	52	33	34	37	13	7	24	19	15	36	18	13	7	6	8	10	11	16	15	15	16	17	20	9	20	10	13	12	13	11	9	13	9	12	18	13	19	15	11	13	15	14	30	12	10	14	13	12	16	9	15	18	16	29	27	28	41	38	31	37	43	22	35	33	43	26	39	39	35	27	25	27	38	31	42	35	6	14	6	12	10	8	2	4	7	2	4	3	4	1	5	1	3	3	3	7	2	2	6	6	13	17	13	12	5	13	9	14	10	11	8	4	11	4	5	5	3	4	7	6	5	7	4	2	4	8	10	19	12	4	13	9	11	10	12	3	20	10	6	4	10	5	14	2	4	3	1	4	2	0	1	0	0	1	0	0	0	0	0	0	0	0	0	0	0	0	0	0	0	0	0	0	0	0	0	0	0	0	0	0	0	0	0	0	0	0	0	0	0	0	0	0	0	0	0	0	0	0	0	0	0	0	0	0	0	0	0	0	0	0	0	0	0	0	0	0	0	0	0	0	0	0	0	0
ngs	wet-lab	106	47	26	47	14	23	36	31	56	28	20	25	33	43	31	16	33	23	16	23	22	16	22	19	24	36	8	13	12	11	4	9	12	9	13	11	6	8	9	12	15	7	8	15	12	12	11	7	16	20	8	25	15	12	10	15	10	9	14	13	19	18	14	8	12	25	23	19	14	20	22	21	16	19	15	22	12	19	20	21	20	18	13	15	16	12	21	13	23	13	11	19	4	3	2	1	3	0	2	1	0	0	2	1	1	2	2	1	0	0	0	0	1	1	6	2	4	6	8	15	3	10	9	6	6	6	7	10	10	5	6	5	0	0	0	0	0	0	0	0	0	0	0	0	0	0	0	0	0	0	0	0	0	0	0	0	0	0	0	0	0	0	0	0	0	0	0	0	0	0	0	0	0	0	0	0	0	0	0	0	0	0	0	0	0	0	0	0	0	0	0	0	0	0	0	0	0	0	0	0	0	0	0	0	0	0	0	0	0	0	0	0	0	0	0	0	0	0	0	0	0	0	0	0	0	0	0	0	0	0	0	0	0	0	0	0	0	0	0	0
samtools	tool	65	29	26	23	28	21	29	37	43	38	17	34	31	34	25	30	37	27	30	24	11	12	20	16	17	19	7	12	9	10	8	16	8	9	15	13	13	11	6	8	13	15	9	9	10	13	8	12	10	13	9	16	11	10	15	12	17	15	12	14	15	21	9	14	13	14	14	10	10	15	18	9	13	10	11	19	12	14	11	7	12	11	11	13	20	5	14	16	15	12	13	12	3	3	2	5	0	2	1	0	1	1	4	1	0	1	5	3	0	0	2	5	2	3	1	1	5	7	11	10	5	5	10	8	14	9	7	7	13	12	7	8	6	7	5	2	4	2	9	6	4	8	7	10	10	10	5	14	5	4	5	8	15	8	5	3	6	3	0	0	3	0	0	1	2	0	0	0	0	0	0	0	0	0	0	0	0	0	0	0	0	0	0	0	0	0	0	0	0	0	0	0	0	0	0	0	0	0	0	0	0	0	0	0	0	0	0	0	0	0	0	0	0	0	0	0	0	0	0	0	0	0	0	0	0	0	0	0	0	0	0	0	0	0	0	0	0	0	0	0
annotation	pipeline	28	33	18	28	17	20	17	38	38	21	24	36	30	33	30	29	22	30	24	34	21	20	22	23	18	41	15	10	10	12	16	15	14	19	12	13	17	9	11	14	10	12	13	11	15	7	9	11	8	22	18	21	14	16	16	15	12	16	18	14	19	14	8	7	18	26	13	22	7	14	12	14	10	12	10	9	16	9	12	23	13	8	12	12	6	8	8	10	10	9	14	10	3	4	3	0	2	4	0	0	2	3	1	4	1	3	1	4	2	1	2	1	1	1	1	0	5	10	7	12	7	6	5	7	4	12	4	7	7	2	10	8	5	4	2	8	6	3	9	4	5	8	2	6	4	6	2	2	2	1	12	2	1	4	2	2	8	3	6	3	1	1	1	1	1	1	0	1	1	1	1	0	0	0	0	0	0	0	0	0	0	0	0	0	0	0	0	0	0	0	0	0	0	0	0	0	0	0	0	0	0	0	0	0	0	0	0	0	0	0	0	0	0	0	0	0	0	0	0	0	0	0	0	0	0	0	0	0	0	0	0	0	0	0	0	0	0	0	0	0
fastq	tool	37	26	18	22	23	15	26	28	24	26	22	23	19	35	26	15	10	25	29	15	11	7	20	21	13	14	7	7	12	5	8	10	9	2	10	9	6	9	9	4	7	7	6	12	13	11	3	7	5	10	8	13	12	12	9	8	6	9	8	8	7	9	7	6	8	10	12	10	5	11	3	7	11	11	7	9	4	11	9	4	13	11	14	2	9	11	7	4	11	11	6	4	1	2	1	3	2	0	1	2	1	0	0	3	1	0	0	0	1	0	1	1	2	1	2	2	5	6	3	6	4	3	9	2	6	4	6	3	2	2	5	3	2	1	2	5	3	5	4	2	4	3	2	1	4	4	1	9	6	3	4	1	0	5	1	2	1	0	3	0	2	1	0	1	0	0	0	0	2	0	0	0	0	0	0	0	0	0	0	0	0	0	0	0	0	0	0	0	0	0	0	0	0	0	0	0	0	0	0	0	0	0	0	0	0	0	0	0	0	0	0	0	0	0	0	0	0	0	0	0	0	0	0	0	0	0	0	0	0	0	0	0	0	0	0	0	0	0	0	0
microarray	wet-lab	32	4	11	21	17	22	37	23	48	13	19	19	23	18	14	9	22	13	20	19	11	6	8	8	10	13	5	6	6	6	4	11	6	19	14	13	7	7	2	5	10	7	8	9	12	14	11	13	12	12	13	4	6	13	9	5	15	5	12	15	11	5	14	9	11	14	7	13	7	14	8	8	14	6	11	11	11	7	14	14	8	8	9	10	10	15	9	10	8	7	17	9	3	3	2	3	6	2	2	2	4	0	3	1	3	4	4	3	0	3	2	5	2	2	4	10	5	7	6	10	12	10	12	15	8	8	8	11	7	4	4	9	6	3	2	5	3	7	7	11	6	2	6	15	5	9	5	9	5	6	15	6	3	3	3	5	11	6	10	2	5	1	0	1	3	2	1	3	3	1	0	0	0	0	0	1	0	0	0	0	0	0	0	0	0	0	0	0	0	0	0	0	0	0	0	0	0	0	0	0	0	0	0	0	0	0	0	0	0	0	0	0	0	0	0	0	0	0	0	0	0	0	0	0	0	0	0	0	0	0	0	0	0	0	0	0	0	0	0	0
plink	tool	28	15	12	22	11	19	24	38	32	26	24	21	40	30	24	36	17	25	12	28	11	14	19	22	24	25	18	15	9	9	11	8	7	8	10	19	9	8	15	10	13	14	7	9	6	13	5	9	12	6	11	13	9	15	15	14	14	8	13	10	19	12	9	14	10	21	14	9	5	9	9	10	6	9	3	8	8	13	9	8	6	10	7	7	11	5	11	7	11	8	11	4	3	1	1	0	2	0	1	3	2	0	2	2	1	1	0	1	0	1	1	1	2	0	2	3	4	2	7	7	1	3	8	3	4	7	1	2	4	1	9	3	0	1	2	1	3	2	0	1	1	0	2	2	3	1	1	2	2	3	5	2	1	3	3	1	0	0	0	0	0	0	0	0	0	2	0	0	0	0	0	0	0	0	0	0	0	0	0	0	0	0	0	0	0	0	0	0	0	0	0	0	0	0	0	0	0	0	0	0	0	0	0	0	0	0	0	0	0	0	0	0	0	0	0	0	0	0	0	0	0	0	0	0	0	0	0	0	0	0	0	0	0	0	0	0	0	0	0	0
deseq2	tool	27	27	16	24	33	24	29	20	21	28	17	24	28	21	31	26	23	23	22	28	25	21	19	12	22	22	21	12	12	12	11	19	18	21	17	22	30	24	21	18	12	9	6	19	14	10	10	18	18	14	14	16	11	12	13	12	16	22	18	11	15	11	13	13	8	13	15	8	8	13	16	7	5	4	8	8	5	7	8	6	5	3	6	5	7	6	4	6	4	8	6	2	1	0	0	1	0	1	1	0	0	0	0	1	0	0	0	0	0	0	0	0	0	0	0	1	0	0	0	0	0	0	0	0	0	0	0	0	0	0	0	0	0	0	0	0	0	0	0	0	0	0	0	0	0	0	0	0	0	0	0	0	0	0	0	0	0	0	0	0	0	0	0	0	0	0	0	0	0	0	0	0	0	0	0	0	0	0	0	0	0	0	0	0	0	0	0	0	0	0	0	0	0	0	0	0	0	0	0	0	0	0	0	0	0	0	0	0	0	0	0	0	0	0	0	0	0	0	0	0	0	0	0	0	0	0	0	0	0	0	0	0	0	0	0	0	0	0	0	0
gatk	tool	36	23	14	13	8	20	20	40	27	23	12	19	24	25	23	15	27	27	14	17	14	20	20	12	21	26	21	17	13	10	8	10	20	13	16	11	14	11	5	12	13	15	3	16	13	13	9	15	11	15	9	12	13	4	8	10	6	6	12	5	9	5	6	9	10	10	3	7	7	7	13	3	7	9	8	6	10	10	4	6	10	3	4	7	6	5	5	6	9	9	5	6	1	3	4	1	0	0	0	1	0	1	2	2	1	0	0	3	0	2	0	1	1	1	1	3	4	5	4	5	6	7	10	6	11	3	7	3	6	2	1	4	5	1	4	4	3	1	9	4	2	2	11	8	2	3	1	3	3	2	2	1	2	1	1	1	1	0	1	0	0	0	0	0	0	0	0	0	0	0	0	0	0	0	0	0	0	0	0	0	0	0	0	0	0	0	0	0	0	0	0	0	0	0	0	0	0	0	0	0	0	0	0	0	0	0	0	0	0	0	0	0	0	0	0	0	0	0	0	0	0	0	0	0	0	0	0	0	0	0	0	0	0	0	0	0	0	0	0	0
biopython	tool	22	17	10	13	16	14	7	21	38	24	21	21	16	23	17	21	20	17	17	15	8	7	11	10	4	15	12	4	7	2	9	11	5	7	10	9	10	5	9	10	13	8	2	3	9	12	10	2	6	10	7	3	9	11	12	4	6	9	7	15	10	4	9	5	3	5	9	6	9	10	7	13	10	12	17	13	10	9	14	7	4	9	7	4	5	3	11	8	4	5	14	7	0	2	0	4	3	1	2	0	0	1	3	2	2	0	2	1	0	1	0	2	1	4	3	3	8	10	7	6	6	8	10	6	8	5	5	9	7	2	3	9	4	1	3	2	1	9	2	7	4	9	3	14	5	4	6	10	9	3	10	4	7	2	5	0	2	4	6	0	0	1	0	1	2	0	0	1	0	0	0	0	0	0	0	0	0	0	0	0	0	0	0	0	0	0	0	0	0	0	0	0	0	0	0	0	0	0	0	0	0	0	0	0	0	0	0	0	0	0	0	0	0	0	0	0	0	0	0	0	0	0	0	0	0	0	0	0	0	0	0	0	0	0	0	0	0	0	0	0
rnaseq	wet-lab	19	36	18	26	37	25	16	35	32	37	37	23	30	37	37	20	32	25	49	35	29	41	38	38	39	37	2	1	0	5	1	2	4	3	4	10	4	0	4	1	8	4	3	2	2	3	4	4	6	3	5	8	5	2	4	5	2	3	6	4	7	3	1	6	6	4	7	2	3	8	3	2	7	3	1	3	0	1	3	2	3	6	2	1	5	2	4	3	6	2	4	8	2	3	0	0	1	0	1	1	1	0	0	2	0	2	0	1	1	0	0	0	0	0	1	0	5	6	6	7	2	5	5	7	10	3	8	8	6	7	7	1	0	0	0	0	0	0	0	0	0	0	0	0	0	0	0	0	0	0	0	0	0	0	0	0	0	0	0	0	0	0	0	0	0	0	0	0	0	0	0	0	0	0	0	0	0	0	0	0	0	0	0	0	0	0	0	0	0	0	0	0	0	0	0	0	0	0	0	0	0	0	0	0	0	0	0	0	0	0	0	0	0	0	0	0	0	0	0	0	0	0	0	0	0	0	0	0	0	0	0	0	0	0	0	0	0	0	0	0
gwas	variant	20	12	14	16	6	15	13	22	25	13	18	20	20	26	10	9	12	18	9	23	8	15	15	9	20	15	13	12	9	9	13	16	7	9	7	9	3	8	8	8	11	13	10	12	7	8	6	6	13	15	12	10	8	13	8	7	9	13	6	17	10	9	4	9	8	10	5	5	8	13	8	3	2	14	8	6	6	7	7	8	7	10	8	4	11	7	4	11	8	3	10	8	1	3	1	0	2	3	1	1	1	1	1	2	1	2	2	1	0	1	1	1	1	0	2	1	4	4	9	9	3	3	0	7	4	6	7	4	3	3	4	4	0	1	3	2	4	0	0	2	4	2	0	3	2	3	0	1	3	4	3	2	6	4	1	2	2	3	5	0	1	0	0	1	2	0	0	0	0	1	0	0	0	0	0	0	0	0	0	0	0	0	0	0	0	0	0	0	0	0	0	0	0	0	0	0	0	0	0	0	0	0	0	0	0	0	0	0	0	0	0	0	0	0	0	0	0	0	0	0	0	0	0	0	0	0	0	0	0	0	0	0	0	0	0	0	0	0	0	0
illumina	wet-lab	26	14	9	13	5	18	10	21	26	15	10	3	21	17	12	16	16	17	13	16	2	9	16	8	7	16	9	5	6	6	6	8	10	4	4	2	3	5	5	3	5	8	9	8	3	7	6	6	14	3	7	5	7	3	8	6	3	6	7	3	5	8	11	7	2	8	7	5	5	5	4	7	5	3	9	7	6	3	8	8	4	4	3	7	6	7	8	6	4	5	9	7	2	4	0	1	3	3	1	2	2	1	2	2	0	1	0	0	0	0	0	1	3	1	2	1	2	10	3	13	5	5	6	6	8	8	9	7	5	3	7	3	7	2	5	3	1	2	7	1	4	3	9	6	5	8	3	5	1	3	9	7	6	5	4	0	0	4	4	0	3	3	4	2	1	0	0	0	0	0	0	0	0	0	0	0	0	0	0	0	0	0	0	0	0	0	0	0	0	0	0	0	0	0	0	0	0	0	0	0	0	0	0	0	0	0	0	0	0	0	0	0	0	0	0	0	0	0	0	0	0	0	0	0	0	0	0	0	0	0	0	0	0	0	0	0	0	0	0	0
perl	software	28	8	7	11	5	10	10	21	18	9	15	15	16	15	5	12	15	18	10	13	1	3	5	2	9	12	3	6	2	1	2	2	2	3	3	2	4	3	2	1	2	4	3	2	3	4	5	2	2	4	2	6	7	6	3	5	4	10	5	6	6	10	4	4	3	6	8	9	7	9	5	9	5	10	4	8	10	6	10	8	4	6	12	10	8	2	7	8	7	10	9	12	1	2	0	1	4	1	0	1	1	0	2	1	1	0	0	1	1	1	2	1	0	1	0	1	10	8	7	9	5	11	9	5	5	5	6	4	12	15	5	5	2	0	4	4	3	5	6	4	2	2	5	9	3	2	4	6	4	1	4	3	6	4	7	8	3	7	13	1	2	4	4	1	1	0	0	1	0	1	0	0	0	0	0	0	0	0	0	0	0	0	0	0	0	0	0	0	0	0	0	0	0	0	0	0	0	0	0	0	0	0	0	0	0	0	0	0	0	0	0	0	0	0	0	0	0	0	0	0	0	0	0	0	0	0	0	0	0	0	0	0	0	0	0	0	0	0	0	0
bwa	tool	16	14	7	14	7	7	12	16	24	20	8	9	17	11	19	10	5	10	7	6	7	6	9	4	4	13	3	6	0	4	10	6	5	4	11	5	5	1	3	4	7	2	2	11	7	8	5	10	6	8	5	6	12	5	9	6	7	7	9	8	5	11	4	8	6	4	10	9	12	5	8	4	9	3	5	5	6	2	7	11	4	6	6	3	12	7	14	7	7	1	10	5	4	3	1	1	1	2	0	1	2	1	0	3	0	1	0	0	0	0	1	1	0	2	1	1	6	5	8	4	2	5	7	8	8	4	7	5	5	4	3	1	3	3	1	3	1	0	4	2	4	1	6	7	7	5	2	11	1	3	2	5	5	4	0	0	2	3	1	1	0	1	0	0	1	0	0	0	0	0	0	0	0	0	0	0	0	0	0	0	0	0	0	0	0	0	0	0	0	0	0	0	0	0	0	0	0	0	0	0	0	0	0	0	0	0	0	0	0	0	0	0	0	0	0	0	0	0	0	0	0	0	0	0	0	0	0	0	0	0	0	0	0	0	0	0	0	0	0	0
rna	wet-lab	17	13	8	11	14	16	24	22	20	26	15	15	15	12	16	16	14	10	5	6	6	9	9	12	9	40	7	5	3	5	4	3	0	0	4	6	3	4	3	3	7	8	1	5	1	4	3	0	6	2	2	1	5	2	4	3	2	4	3	0	4	5	3	5	1	4	5	9	4	3	4	4	5	1	3	1	3	3	1	4	3	3	2	2	6	3	2	1	6	4	1	7	3	1	0	2	1	0	2	1	3	3	0	1	2	0	0	1	3	0	0	1	1	1	2	0	5	3	1	7	3	6	8	6	6	9	4	4	5	7	1	4	3	2	3	3	2	0	1	2	0	0	3	18	8	14	7	14	11	14	11	20	7	10	5	6	6	3	6	0	2	3	2	0	0	1	0	1	0	0	0	0	0	0	0	0	0	0	0	0	0	0	0	0	0	0	0	0	0	0	0	0	0	0	0	0	0	0	0	0	0	0	0	0	0	0	0	0	0	0	0	0	0	0	0	0	0	0	0	0	0	0	0	0	0	0	0	0	0	0	0	0	0	0	0	0	0	0	0	0
cnv	variant	5	8	8	12	7	9	23	12	25	13	10	10	10	6	13	13	9	13	9	14	5	5	11	12	4	13	2	5	0	8	8	4	9	6	7	5	4	11	9	7	13	6	16	9	7	8	8	11	2	9	5	10	6	7	1	11	10	11	9	3	7	4	7	8	6	11	7	6	13	11	5	4	10	10	14	7	12	11	6	3	6	2	6	3	7	7	6	6	6	7	6	2	2	1	1	2	2	0	2	1	0	4	2	1	2	1	1	1	0	0	2	0	0	0	3	2	4	0	4	4	3	3	2	4	6	4	0	3	2	1	1	1	4	3	1	3	2	1	4	2	4	4	5	5	9	2	3	2	2	0	1	3	1	0	0	0	2	0	4	0	2	0	0	0	0	0	0	0	0	0	0	0	0	0	0	0	0	0	0	0	0	0	0	0	0	0	0	0	0	0	0	0	0	0	0	0	0	0	0	0	0	0	0	0	0	0	0	0	0	0	0	0	0	0	0	0	0	0	0	0	0	0	0	0	0	0	0	0	0	0	0	0	0	0	0	0	0	0	0	0
bioconductor	tool	22	19	12	14	8	7	11	13	15	12	6	9	7	12	8	15	11	13	14	9	6	10	8	5	13	16	5	5	2	4	3	4	5	3	9	9	8	3	7	5	4	4	7	2	4	3	6	6	6	6	4	8	8	4	1	3	9	8	10	11	9	3	6	4	10	7	7	8	3	3	3	6	5	8	5	10	4	5	6	9	7	4	4	7	8	8	10	7	9	10	12	3	1	0	0	0	5	1	0	2	4	0	0	1	0	0	0	2	4	2	0	3	1	0	2	2	5	4	5	7	6	6	3	11	5	4	3	4	3	5	5	5	2	0	3	1	4	4	2	2	2	0	8	2	1	5	3	6	4	2	4	2	2	2	3	0	3	0	4	1	2	0	1	2	0	0	1	0	1	0	0	0	0	0	0	0	0	0	0	0	0	0	0	0	0	0	0	0	0	0	0	0	0	0	0	0	0	0	0	0	0	0	0	0	0	0	0	0	0	0	0	0	0	0	0	0	0	0	0	0	0	0	0	0	0	0	0	0	0	0	0	0	0	0	0	0	0	0	0	0
bedtools	tool	23	12	12	11	10	17	18	17	18	15	5	10	16	9	11	6	11	10	13	16	4	7	7	7	15	8	4	10	2	4	5	7	8	5	3	7	9	6	10	12	4	5	1	4	7	6	5	7	7	4	7	2	12	8	5	4	9	11	4	7	12	5	10	7	8	7	1	11	5	2	5	5	8	6	4	8	5	6	7	4	4	6	5	5	7	8	7	2	8	2	3	8	1	0	1	1	0	0	0	0	1	0	1	1	1	0	0	0	1	0	0	2	1	2	0	0	2	2	5	6	1	4	2	2	2	2	0	2	5	1	0	3	6	1	1	0	3	4	1	1	0	0	2	3	2	2	0	4	1	0	2	0	1	1	0	0	0	0	0	0	0	0	0	0	0	0	0	0	0	0	0	0	0	0	0	0	0	0	0	0	0	0	0	0	0	0	0	0	0	0	0	0	0	0	0	0	0	0	0	0	0	0	0	0	0	0	0	0	0	0	0	0	0	0	0	0	0	0	0	0	0	0	0	0	0	0	0	0	0	0	0	0	0	0	0	0	0	0	0	0
bed	tool	24	9	9	17	14	14	16	24	36	8	10	10	15	21	9	4	19	10	6	16	8	3	8	6	5	14	2	3	2	7	5	5	5	8	1	6	10	6	3	6	2	3	1	4	3	6	2	1	7	4	4	5	8	7	5	3	7	10	3	3	4	6	5	5	3	2	4	4	3	7	8	5	4	5	2	4	8	8	5	5	9	6	4	1	5	3	6	3	6	3	5	2	0	1	1	0	1	2	0	0	0	0	1	0	1	0	0	2	1	0	0	0	0	1	4	2	1	2	6	6	2	2	1	6	2	3	5	2	2	3	4	3	2	0	2	1	1	0	5	2	1	2	6	3	0	2	2	0	3	0	6	1	0	0	5	0	1	2	2	0	0	0	0	1	0	0	0	0	0	0	1	0	0	0	0	0	0	0	0	0	0	0	0	0	0	0	0	0	0	0	0	0	0	0	0	0	0	0	0	0	0	0	0	0	0	0	0	0	0	0	0	0	0	0	0	0	0	0	0	0	0	0	0	0	0	0	0	0	0	0	0	0	0	0	0	0	0	0	0	0
bcftools	tool	24	20	3	19	9	11	15	20	12	13	17	12	14	12	29	10	13	12	12	7	7	20	9	16	10	9	14	14	6	5	2	3	8	1	11	8	7	7	10	11	14	8	5	13	5	3	5	3	4	6	10	5	3	9	9	6	8	3	4	9	7	1	6	2	3	4	4	3	3	1	4	0	3	2	2	2	4	1	5	1	3	3	5	3	4	2	0	2	4	2	6	1	0	1	0	0	0	0	0	0	0	1	0	0	0	0	1	0	0	0	1	0	0	1	0	0	0	1	1	1	1	1	0	0	1	0	1	0	0	0	0	2	0	0	0	2	0	0	1	0	0	1	1	1	2	0	0	1	1	3	0	0	1	0	0	0	0	0	0	0	0	0	0	0	0	0	0	0	0	0	0	0	0	0	0	0	0	0	0	0	0	0	0	0	0	0	0	0	0	0	0	0	0	0	0	0	0	0	0	0	0	0	0	0	0	0	0	0	0	0	0	0	0	0	0	0	0	0	0	0	0	0	0	0	0	0	0	0	0	0	0	0	0	0	0	0	0	0	0	0
sam	tool	10	15	11	11	9	4	13	9	14	13	8	10	7	17	10	11	11	4	10	5	5	6	4	5	7	7	1	4	0	1	3	1	2	2	6	5	2	2	3	0	1	3	1	6	5	4	3	1	3	4	4	4	4	4	3	5	4	6	9	9	7	1	6	6	2	12	5	4	9	6	5	8	8	8	1	4	3	6	7	3	7	3	8	7	5	2	8	5	2	3	10	6	0	0	2	0	3	1	0	1	1	1	2	2	0	1	1	0	0	1	1	0	1	2	2	0	2	4	4	7	6	5	6	4	3	7	2	4	7	4	4	2	1	3	2	3	1	1	5	0	3	7	8	6	4	2	1	7	0	1	5	2	6	2	0	3	0	4	1	1	0	1	1	0	1	1	0	0	0	0	0	0	0	0	0	0	0	0	0	0	0	0	0	0	0	0	0	0	0	0	0	0	0	0	0	0	0	0	0	0	0	0	0	0	0	0	0	0	0	0	0	0	0	0	0	0	0	0	0	0	0	0	0	0	0	0	0	0	0	0	0	0	0	0	0	0	0	0	0	0
metagenomics	wet-lab	13	13	12	15	3	7	13	10	14	7	14	9	19	17	15	7	14	9	12	11	4	11	11	8	6	11	6	7	3	4	6	3	6	5	6	6	8	6	11	11	7	9	2	7	7	9	2	5	10	4	7	2	4	4	12	5	4	5	8	2	6	3	2	5	7	5	9	4	2	3	2	3	1	5	6	2	8	2	2	7	3	4	6	1	3	3	4	5	3	6	1	2	2	3	0	2	0	1	0	0	1	0	0	0	0	0	1	0	2	0	1	0	0	0	0	0	4	0	0	2	1	2	1	4	0	3	0	0	1	0	1	2	3	2	3	2	1	1	1	0	2	0	0	4	2	0	0	1	1	0	2	1	1	0	1	0	1	3	2	2	0	0	0	0	0	0	0	2	0	0	0	0	0	0	0	0	0	0	0	0	0	0	0	0	0	0	0	0	0	0	0	0	0	0	0	0	0	0	0	0	0	0	0	0	0	0	0	0	0	0	0	0	0	0	0	0	0	0	0	0	0	0	0	0	0	0	0	0	0	0	0	0	0	0	0	0	0	0	0	0
seurat	tool	18	23	11	18	25	10	24	13	15	18	12	3	28	13	14	19	12	15	17	11	23	24	13	26	15	18	13	11	14	11	9	15	17	8	9	13	6	13	6	4	6	5	5	8	6	7	7	4	4	3	1	1	2	5	3	2	4	3	2	2	1	2	3	1	0	1	0	0	1	0	0	1	0	0	0	0	0	0	0	0	0	0	0	0	0	0	0	0	0	0	0	0	0	0	0	0	0	0	0	0	0	0	0	0	0	0	0	0	0	0	0	0	0	0	0	0	0	0	0	0	0	0	0	0	0	0	0	0	0	0	0	0	0	0	0	0	0	0	0	0	0	0	0	0	0	0	0	0	0	0	0	0	0	0	0	0	0	0	0	0	0	0	0	0	0	0	0	0	0	0	0	0	0	0	0	0	0	0	0	0	0	0	0	0	0	0	0	0	0	0	0	0	0	0	0	0	0	0	0	0	0	0	0	0	0	0	0	0	0	0	0	0	0	0	0	0	0	0	0	0	0	0	0	0	0	0	0	0	0	0	0	0	0	0	0	0	0	0	0	0
mirna	wet-lab	14	9	11	10	10	6	12	9	21	11	8	6	3	12	13	13	3	11	8	13	6	4	6	4	5	13	4	5	5	5	2	2	3	3	5	3	6	4	4	5	4	7	1	4	3	4	6	3	4	4	3	8	6	2	4	7	4	2	7	4	2	5	7	4	6	5	5	2	3	2	2	7	7	6	5	3	7	6	9	9	4	3	2	5	10	7	5	2	9	2	2	4	1	0	1	2	2	1	0	3	0	3	1	2	1	0	0	0	0	0	0	0	1	1	0	2	0	2	4	6	3	3	2	0	6	6	3	2	0	3	0	1	0	1	1	1	1	3	1	3	1	0	2	4	1	6	7	3	0	0	3	1	0	2	2	0	7	5	3	0	0	1	0	0	1	1	0	0	0	0	0	0	0	0	0	0	0	0	0	0	0	0	0	0	0	0	0	0	0	0	0	0	0	0	0	0	0	0	0	0	0	0	0	0	0	0	0	0	0	0	0	0	0	0	0	0	0	0	0	0	0	0	0	0	0	0	0	0	0	0	0	0	0	0	0	0	0	0	0	0
linux	software	21	22	9	16	5	10	16	13	10	8	14	6	16	9	13	14	14	6	12	16	12	5	9	9	10	8	2	7	2	8	8	2	3	5	3	7	2	5	6	7	6	8	7	6	5	1	7	7	5	3	7	2	4	4	7	7	2	7	7	3	10	2	4	4	6	5	4	4	5	1	2	3	8	6	3	4	4	2	4	4	3	6	6	2	2	2	0	2	3	7	2	1	0	0	1	1	1	0	0	1	1	1	0	0	0	0	0	0	0	0	0	0	0	0	0	0	0	0	1	0	3	4	0	0	1	1	2	0	1	1	0	0	2	0	0	0	0	1	1	2	0	3	0	2	0	0	0	0	0	1	0	2	0	1	0	1	3	0	0	0	2	0	0	0	0	0	1	0	0	0	0	0	0	0	0	0	0	0	0	0	0	0	0	0	0	0	0	0	0	0	0	0	0	0	0	0	0	0	0	0	0	0	0	0	0	0	0	0	0	0	0	0	0	0	0	0	0	0	0	0	0	0	0	0	0	0	0	0	0	0	0	0	0	0	0	0	0	0	0	0
wgs	wet-lab	17	15	13	9	7	14	7	15	15	13	7	8	11	8	12	9	6	12	6	18	10	7	6	4	10	7	7	12	4	4	3	7	9	4	10	8	9	7	13	1	5	8	5	5	2	3	4	3	2	6	8	10	6	9	1	4	3	2	8	5	5	4	8	1	4	5	8	5	2	6	3	3	7	7	2	8	1	2	7	5	5	5	8	2	5	2	8	0	8	5	1	4	1	1	5	0	0	1	1	0	0	0	0	1	0	0	0	0	1	0	0	0	0	0	0	0	0	0	0	0	0	0	0	0	0	0	0	0	0	0	0	0	0	0	0	0	0	0	0	0	0	0	0	0	0	0	0	0	0	0	0	0	0	0	0	0	0	0	0	0	0	0	0	0	0	0	0	0	0	0	0	0	0	0	0	0	0	0	0	0	0	0	0	0	0	0	0	0	0	0	0	0	0	0	0	0	0	0	0	0	0	0	0	0	0	0	0	0	0	0	0	0	0	0	0	0	0	0	0	0	0	0	0	0	0	0	0	0	0	0	0	0	0	0	0	0	0	0	0	0
cancer	variant	36	16	5	10	6	9	17	9	16	10	7	15	7	7	9	10	5	6	8	11	4	3	6	8	4	9	4	3	1	4	1	5	3	1	1	6	6	1	2	3	7	3	2	5	4	1	4	3	2	10	2	5	6	8	10	5	5	2	5	9	6	2	3	2	4	4	6	9	6	2	2	4	2	3	7	3	6	5	6	7	2	3	6	1	5	12	9	8	4	3	11	3	1	0	0	0	0	2	0	1	1	2	1	1	1	0	1	2	0	0	0	0	1	0	2	0	0	3	2	2	1	4	0	0	2	2	3	0	0	3	0	0	0	0	1	2	0	1	0	1	1	0	1	4	0	0	2	1	0	0	3	3	1	0	0	0	2	5	1	0	0	0	0	0	0	0	0	0	0	0	0	0	0	0	0	0	0	0	0	0	0	0	0	0	0	0	0	0	0	0	0	0	0	0	0	0	0	0	0	0	0	0	0	0	0	0	0	0	0	0	0	0	0	0	0	0	0	0	0	0	0	0	0	0	0	0	0	0	0	0	0	0	0	0	0	0	0	0	0	0
star	tool	12	14	7	21	12	13	9	16	12	12	10	14	6	10	14	10	10	12	7	4	12	9	6	12	6	5	1	10	7	4	3	7	4	5	5	7	5	7	8	4	6	7	8	4	7	5	4	2	3	7	4	6	8	2	3	7	6	9	6	1	6	5	4	7	5	8	4	7	3	5	2	2	2	5	4	2	2	4	8	2	4	2	6	5	5	2	4	3	5	4	0	1	2	0	1	0	0	0	0	0	0	0	0	0	0	1	0	0	0	0	0	0	0	0	0	0	0	0	0	0	0	0	0	0	0	0	0	0	0	0	0	0	0	0	0	0	0	0	0	0	0	0	0	0	0	0	0	0	0	0	0	0	0	0	0	0	0	0	0	0	0	0	0	0	0	0	0	0	0	0	0	0	0	0	0	0	0	0	0	0	0	0	0	0	0	0	0	0	0	0	0	0	0	0	0	0	0	0	0	0	0	0	0	0	0	0	0	0	0	0	0	0	0	0	0	0	0	0	0	0	0	0	0	0	0	0	0	0	0	0	0	0	0	0	0	0	0	0	0	0
bowtie2	tool	13	10	7	9	5	15	15	17	10	14	11	13	11	10	11	10	14	13	9	7	1	6	9	3	5	6	4	5	5	5	3	6	3	5	3	2	4	4	0	4	4	2	0	3	5	5	6	3	5	2	2	6	8	2	1	4	8	7	7	1	5	3	4	4	3	4	4	7	3	8	3	4	9	12	4	3	4	2	4	3	5	5	2	3	5	1	3	4	5	3	1	2	2	0	0	2	1	0	0	0	0	0	1	0	0	0	1	0	1	0	0	1	0	0	0	0	1	1	5	6	1	3	4	1	0	1	1	1	3	2	0	1	1	0	1	0	0	0	1	2	4	0	0	0	0	0	0	0	0	0	0	0	0	0	0	0	0	0	0	0	0	0	0	0	0	0	0	0	0	0	0	0	0	0	0	0	0	0	0	0	0	0	0	0	0	0	0	0	0	0	0	0	0	0	0	0	0	0	0	0	0	0	0	0	0	0	0	0	0	0	0	0	0	0	0	0	0	0	0	0	0	0	0	0	0	0	0	0	0	0	0	0	0	0	0	0	0	0	0	0
methylation	wet-lab	18	8	6	15	6	12	8	14	11	5	5	6	16	10	11	8	9	8	6	8	7	4	3	6	5	8	3	1	6	1	6	4	7	5	5	6	6	0	7	4	2	8	1	2	10	2	3	5	9	6	0	2	6	6	3	4	7	4	7	3	4	9	4	5	3	4	11	2	5	4	6	5	6	3	3	6	4	4	7	4	1	6	7	4	3	4	3	3	1	4	5	3	0	1	0	0	1	0	1	0	1	0	0	1	1	0	1	0	0	0	0	0	0	1	0	3	3	1	2	3	2	5	0	1	2	0	0	1	1	1	1	1	1	0	2	2	2	0	1	1	1	0	0	2	1	1	0	0	0	0	1	1	0	0	0	0	0	0	0	0	0	0	0	0	0	0	0	0	0	0	0	0	0	0	0	0	0	0	0	0	0	0	0	0	0	0	0	0	0	0	0	0	0	0	0	0	0	0	0	0	0	0	0	0	0	0	0	0	0	0	0	0	0	0	0	0	0	0	0	0	0	0	0	0	0	0	0	0	0	0	0	0	0	0	0	0	0	0	0	0
vcftools	tool	15	10	8	8	5	7	6	13	12	5	8	11	5	4	8	10	7	6	12	12	1	7	1	2	8	4	3	2	1	1	2	3	0	1	1	3	2	3	1	1	1	2	4	4	1	4	0	2	5	5	3	3	6	3	2	1	4	3	3	3	5	2	1	6	0	3	3	4	1	4	4	1	2	8	4	5	2	9	8	4	8	3	3	3	1	4	3	6	5	1	4	2	2	1	1	1	1	0	1	1	0	0	0	2	0	0	0	1	0	0	0	0	0	1	0	0	1	5	4	0	3	3	3	1	0	0	2	0	0	0	2	0	1	0	2	2	1	2	8	3	0	1	1	2	1	1	2	4	0	0	4	0	0	1	1	1	3	1	0	0	0	0	0	0	0	0	0	0	0	0	0	0	0	0	0	0	0	0	0	0	0	0	0	0	0	0	0	0	0	0	0	0	0	0	0	0	0	0	0	0	0	0	0	0	0	0	0	0	0	0	0	0	0	0	0	0	0	0	0	0	0	0	0	0	0	0	0	0	0	0	0	0	0	0	0	0	0	0	0	0
scrna-seq	wet-lab	23	11	7	11	9	8	8	9	8	12	11	11	12	7	5	7	13	11	11	12	13	15	10	11	19	3	12	3	5	9	7	6	10	2	4	9	5	13	3	4	5	9	7	5	10	8	5	5	5	3	2	1	7	2	5	1	3	1	4	3	0	0	1	3	2	0	0	0	1	0	2	0	0	2	0	1	0	0	0	0	0	0	0	0	0	0	0	0	0	1	1	0	0	0	0	0	0	0	0	0	0	0	0	0	0	0	0	0	0	0	0	0	0	0	0	0	0	0	0	0	0	0	0	0	0	0	0	0	0	0	0	0	0	0	0	0	0	0	0	0	0	0	0	0	0	0	0	0	0	0	0	0	0	0	0	0	0	0	0	0	0	0	0	0	0	0	0	0	0	0	0	0	0	0	0	0	0	0	0	0	0	0	0	0	0	0	0	0	0	0	0	0	0	0	0	0	0	0	0	0	0	0	0	0	0	0	0	0	0	0	0	0	0	0	0	0	0	0	0	0	0	0	0	0	0	0	0	0	0	0	0	0	0	0	0	0	0	0	0	0
transcriptome	wet-lab	5	11	8	5	4	7	5	9	7	8	9	6	10	6	6	9	11	5	5	3	3	5	3	8	2	11	1	2	2	1	0	3	3	2	0	2	2	3	2	4	4	1	2	0	1	2	3	4	5	1	2	2	4	1	9	0	4	4	3	0	6	3	2	2	2	3	1	2	2	2	3	3	2	2	6	2	0	3	6	3	2	4	2	3	5	2	2	3	5	4	5	4	0	0	3	2	1	0	1	0	1	1	1	0	0	2	0	1	0	0	0	0	1	0	2	2	1	1	1	4	1	3	8	1	1	3	0	2	2	2	2	2	0	2	0	1	1	0	2	2	1	0	3	2	0	3	2	1	1	3	0	4	3	2	1	1	2	0	0	1	2	0	0	0	0	0	0	0	0	0	0	0	0	0	0	0	0	0	0	0	0	0	0	0	0	0	0	0	0	0	0	0	0	0	0	0	0	0	0	0	0	0	0	0	0	0	0	0	0	0	0	0	0	0	0	0	0	0	0	0	0	0	0	0	0	0	0	0	0	0	0	0	0	0	0	0	0	0	0	0
tophat	tool	6	3	8	4	1	10	8	8	9	9	8	7	13	10	6	10	7	11	8	3	0	0	0	0	1	6	0	0	0	0	1	0	1	1	1	2	1	0	1	0	1	0	0	0	2	2	2	1	3	1	1	3	1	0	2	1	2	0	3	2	3	0	1	1	4	1	0	4	1	5	3	1	5	2	2	2	1	1	6	2	5	3	4	1	4	4	14	10	8	4	2	4	0	0	3	2	5	1	2	1	2	1	1	1	0	1	0	2	0	0	0	2	0	2	1	0	1	0	2	6	3	2	3	5	2	3	2	0	4	3	3	4	3	4	1	5	5	6	5	5	3	2	3	5	1	2	0	2	3	1	4	1	1	1	0	3	1	0	0	0	0	0	1	0	0	0	0	0	0	0	0	0	0	0	0	0	0	0	0	0	0	0	0	0	0	0	0	0	0	0	0	0	0	0	0	0	0	0	0	0	0	0	0	0	0	0	0	0	0	0	0	0	0	0	0	0	0	0	0	0	0	0	0	0	0	0	0	0	0	0	0	0	0	0	0	0	0	0	0	0
bowtie	tool	6	6	4	6	4	3	7	8	9	5	8	9	9	5	3	14	5	6	5	8	1	1	4	2	2	5	2	1	5	2	5	1	2	1	2	2	4	1	2	0	2	0	2	2	5	1	3	2	3	1	2	6	1	5	1	2	4	1	3	6	4	2	0	4	4	3	3	5	2	1	3	2	3	2	3	5	4	1	2	4	3	2	4	1	3	3	9	2	6	2	1	2	0	2	1	1	1	0	1	0	1	0	1	1	0	0	0	1	0	0	2	0	0	0	2	2	2	2	4	3	2	1	5	5	2	1	4	2	1	3	1	3	3	3	2	5	1	1	4	0	7	1	1	3	1	3	4	4	4	3	2	2	1	0	0	0	1	0	0	0	0	1	0	0	0	0	0	0	0	0	0	0	0	0	0	0	0	0	0	0	0	0	0	0	0	0	0	0	0	0	0	0	0	0	0	0	0	0	0	0	0	0	0	0	0	0	0	0	0	0	0	0	0	0	0	0	0	0	0	0	0	0	0	0	0	0	0	0	0	0	0	0	0	0	0	0	0	0	0	0
picard	tool	11	8	10	8	1	3	10	10	10	8	2	5	5	3	3	7	9	5	6	9	2	9	4	3	1	8	2	2	0	1	5	0	3	1	2	1	2	2	5	2	5	3	1	5	4	2	0	1	2	2	2	6	4	2	3	7	2	4	8	3	1	7	6	1	3	3	1	3	3	3	5	0	1	3	2	4	9	1	8	2	3	1	2	1	1	2	3	2	1	4	5	4	2	1	0	0	2	0	0	0	0	0	0	1	0	0	0	0	0	0	0	0	0	0	1	0	2	4	1	4	2	2	3	2	3	2	6	2	3	3	2	1	2	0	1	3	1	2	2	0	1	0	2	4	2	1	0	1	0	0	0	0	3	0	0	0	1	0	0	0	1	1	0	0	0	0	0	0	0	0	0	0	0	0	0	0	0	0	0	0	0	0	0	0	0	0	0	0	0	0	0	0	0	0	0	0	0	0	0	0	0	0	0	0	0	0	0	0	0	0	0	0	0	0	0	0	0	0	0	0	0	0	0	0	0	0	0	0	0	0	0	0	0	0	0	0	0	0	0	0
exome	wet-lab	5	5	4	13	2	4	3	5	11	3	1	6	7	6	9	4	6	6	7	7	3	2	3	3	2	4	2	2	3	2	2	2	2	5	6	0	5	3	4	2	5	1	3	6	2	3	2	0	6	3	6	1	3	1	3	2	4	2	6	1	2	1	3	2	3	4	5	2	1	7	3	3	4	1	2	4	3	3	8	3	4	2	2	2	1	3	1	2	5	3	5	4	1	0	0	0	1	0	0	1	0	0	2	0	2	0	0	2	0	0	0	1	0	0	0	3	3	1	2	4	1	1	1	1	2	2	2	4	1	3	1	3	1	0	4	0	1	2	6	2	0	0	2	7	1	1	2	1	0	0	5	4	1	3	2	0	2	0	2	1	0	0	0	0	1	0	0	0	0	0	0	0	0	0	0	0	0	0	0	0	0	0	0	0	0	0	0	0	0	0	0	0	0	0	0	0	0	0	0	0	0	0	0	0	0	0	0	0	0	0	0	0	0	0	0	0	0	0	0	0	0	0	0	0	0	0	0	0	0	0	0	0	0	0	0	0	0	0	0	0
pca	tool	5	4	7	6	2	4	12	12	12	5	8	9	7	11	5	8	11	5	6	7	6	7	10	0	9	3	2	6	5	5	3	4	5	7	3	3	7	4	3	3	5	3	1	7	5	3	2	7	3	2	4	4	7	2	3	3	3	4	3	3	6	2	2	4	3	4	3	1	1	3	1	1	3	1	1	1	5	1	0	8	1	2	0	2	5	4	1	1	2	0	1	2	1	1	0	0	1	0	1	1	0	0	0	0	0	2	1	0	0	0	0	0	0	0	1	0	0	0	1	2	0	1	0	1	2	0	0	1	0	1	0	1	0	0	1	0	0	0	2	0	1	0	2	0	0	0	0	0	0	0	0	1	0	1	1	1	0	1	0	1	0	0	0	0	0	0	0	0	0	0	0	0	0	0	0	0	0	0	0	0	0	0	0	0	0	0	0	0	0	0	0	0	0	0	0	0	0	0	0	0	0	0	0	0	0	0	0	0	0	0	0	0	0	0	0	0	0	0	0	0	0	0	0	0	0	0	0	0	0	0	0	0	0	0	0	0	0	0	0	0
cufflinks	tool	3	5	8	7	0	6	10	6	13	14	3	6	9	4	5	8	5	9	8	4	0	1	0	1	1	1	3	1	1	0	0	0	0	0	0	1	1	1	0	0	1	1	0	0	0	0	1	2	0	0	0	1	1	4	2	1	1	1	6	3	1	2	0	1	1	1	7	7	2	2	5	4	5	5	3	4	1	2	7	3	2	5	4	1	3	9	3	5	7	4	3	3	2	1	2	6	4	3	3	0	2	0	3	0	1	0	1	0	0	0	1	3	1	1	6	2	6	4	6	6	3	2	5	4	3	1	3	1	0	1	2	2	0	2	2	2	2	0	2	1	1	1	3	7	1	3	4	2	3	1	2	2	0	0	0	0	0	1	1	0	0	0	0	0	0	0	0	0	0	0	0	0	0	0	0	0	0	0	0	0	0	0	0	0	0	0	0	0	0	0	0	0	0	0	0	0	0	0	0	0	0	0	0	0	0	0	0	0	0	0	0	0	0	0	0	0	0	0	0	0	0	0	0	0	0	0	0	0	0	0	0	0	0	0	0	0	0	0	0	0
proteomics	wet-lab	8	10	3	8	6	9	7	7	12	6	4	4	12	3	5	2	2	6	5	3	3	3	8	3	5	3	3	3	4	3	3	1	4	4	2	3	1	4	1	3	2	6	4	6	9	6	3	5	5	3	4	2	3	6	5	1	0	4	2	2	3	2	1	1	4	1	1	3	5	3	1	5	0	2	3	2	1	1	3	5	2	3	3	0	0	1	5	5	4	2	1	4	1	1	0	1	0	1	0	0	1	0	0	0	0	0	0	0	1	0	0	0	0	1	0	1	1	1	0	1	1	0	1	0	0	0	0	1	1	2	0	0	0	2	0	2	1	0	0	1	0	0	0	3	0	2	0	0	1	2	2	2	1	5	1	0	1	2	1	0	1	1	0	0	0	0	0	0	0	0	0	0	0	0	0	0	0	0	0	0	0	0	0	0	0	0	0	0	0	0	0	0	0	0	0	0	0	0	0	0	0	0	0	0	0	0	0	0	0	0	0	0	0	0	0	0	0	0	0	0	0	0	0	0	0	0	0	0	0	0	0	0	0	0	0	0	0	0	0	0
snps	variant	6	10	2	7	4	7	4	6	8	3	2	5	8	9	7	3	6	5	2	9	5	9	4	15	11	11	1	1	2	1	2	2	1	0	0	0	0	1	1	2	1	4	0	2	2	3	1	2	2	0	3	6	1	4	0	5	4	3	4	1	5	3	0	1	2	2	2	4	2	1	2	0	2	0	1	5	8	2	1	1	0	1	5	0	2	5	2	5	8	2	5	1	1	0	0	1	0	0	0	0	1	0	0	2	0	0	0	1	0	1	0	0	1	0	1	1	0	4	7	3	1	4	4	1	2	2	4	3	1	2	3	1	0	0	0	0	0	0	0	0	0	0	0	0	0	0	0	0	0	0	0	0	0	0	0	0	0	0	0	0	0	0	0	0	0	0	0	0	0	0	0	0	0	0	0	0	0	0	0	0	0	0	0	0	0	0	0	0	0	0	0	0	0	0	0	0	0	0	0	0	0	0	0	0	0	0	0	0	0	0	0	0	0	0	0	0	0	0	0	0	0	0	0	0	0	0	0	0	0	0	0	0	0	0	0	0	0	0	0	0
next-gen-sequencing	wet-lab	21	28	24	13	7	14	23	40	49	16	10	17	25	31	21	8	0	0	0	0	0	0	0	0	0	1	0	0	0	0	0	0	0	0	0	0	0	0	0	0	0	0	0	0	0	0	0	0	0	0	0	0	0	0	0	0	0	0	0	0	0	0	0	0	0	0	0	0	0	0	0	0	0	0	0	0	0	0	0	0	0	0	0	0	0	0	0	0	0	0	0	0	0	0	0	0	0	0	0	0	0	0	0	0	0	0	0	0	0	0	0	0	0	0	0	0	0	0	0	0	0	0	0	0	0	0	0	0	0	0	0	0	0	0	0	0	0	0	0	0	0	0	0	0	0	0	0	0	0	0	0	0	0	0	0	0	0	0	0	0	0	0	0	1	0	0	0	0	0	0	0	0	0	0	0	0	0	0	0	0	0	0	0	0	0	0	0	0	0	0	0	0	0	0	0	0	0	0	0	0	0	0	0	0	0	0	0	0	0	0	0	0	0	0	0	0	0	0	0	0	0	0	0	0	0	0	0	0	0	0	0	0	0	0	0	0	0	0	0	0
affymetrix	wet-lab	5	5	3	3	1	2	6	7	7	5	2	3	6	2	3	5	1	4	2	6	1	4	1	0	2	3	1	1	0	4	2	2	1	4	1	1	5	1	2	1	0	2	1	3	0	2	1	2	3	0	1	3	2	2	0	2	4	2	2	1	1	0	3	2	1	1	1	2	0	1	2	2	2	4	2	0	2	3	0	3	3	1	1	5	3	2	1	4	4	3	5	1	0	1	1	1	1	2	0	1	0	0	0	0	0	1	2	0	0	1	0	2	1	1	0	0	1	8	0	1	2	7	1	2	3	8	2	8	2	3	2	2	0	1	1	5	0	0	8	0	1	2	2	2	1	3	1	2	2	3	3	2	1	2	2	4	4	2	3	0	1	0	0	1	1	0	0	1	0	0	0	0	0	0	0	0	0	0	0	0	0	0	0	0	0	0	0	0	0	0	0	0	0	0	0	0	0	0	0	0	0	0	0	0	0	0	0	0	0	0	0	0	0	0	0	0	0	0	0	0	0	0	0	0	0	0	0	0	0	0	0	0	0	0	0	0	0	0	0	0
single-cell	wet-lab	27	18	3	13	8	8	8	5	11	9	10	1	10	6	1	4	2	9	9	10	9	7	5	6	3	2	6	3	3	6	7	3	1	3	6	2	1	1	3	3	9	3	1	1	4	0	0	4	2	0	3	4	3	0	1	4	3	1	1	2	0	3	1	3	1	3	1	0	0	0	1	0	1	0	0	0	1	1	2	1	0	1	0	1	0	0	0	2	2	1	0	0	0	0	0	0	1	0	0	0	0	0	0	0	0	0	0	0	0	0	0	0	0	0	0	0	0	0	0	0	0	0	0	0	0	0	0	0	0	0	0	0	0	0	0	0	0	0	0	0	0	0	0	0	0	0	0	0	0	0	0	0	0	0	0	0	0	0	0	0	0	0	0	0	0	0	0	0	0	0	0	0	0	0	0	0	0	0	0	0	0	0	0	0	0	0	0	0	0	0	0	0	0	0	0	0	0	0	0	0	0	0	0	0	0	0	0	0	0	0	0	0	0	0	0	0	0	0	0	0	0	0	0	0	0	0	0	0	0	0	0	0	0	0	0	0	0	0	0	0
atac-seq	wet-lab	7	4	4	8	3	2	7	3	4	7	7	2	6	3	2	3	5	2	5	9	3	3	6	3	6	5	6	7	3	4	2	4	4	2	3	6	3	2	4	5	4	6	3	2	6	4	2	8	1	2	2	1	7	8	6	3	5	4	4	1	4	7	4	11	3	0	3	0	3	4	1	2	2	5	4	1	1	4	1	2	3	1	2	2	2	1	0	0	0	0	1	1	0	0	0	0	0	0	0	0	0	0	0	0	0	0	0	0	0	0	0	0	0	0	0	0	0	0	0	0	0	0	0	0	0	0	0	0	0	0	0	0	0	0	0	0	0	0	0	0	0	0	0	0	0	0	0	0	0	0	0	0	0	0	0	0	0	0	0	0	0	0	0	0	0	0	0	0	0	0	0	0	0	0	0	0	0	0	0	0	0	0	0	0	0	0	0	0	0	0	0	0	0	0	0	0	0	0	0	0	0	0	0	0	0	0	0	0	0	0	0	0	0	0	0	0	0	0	0	0	0	0	0	0	0	0	0	0	0	0	0	0	0	0	0	0	0	0	0	0
nanopore	wet-lab	12	13	2	4	6	3	3	5	6	3	6	5	3	4	4	5	1	5	6	5	1	5	10	11	11	1	2	3	1	2	2	3	5	5	0	4	1	3	2	0	2	3	4	1	0	5	3	3	4	3	3	5	6	3	1	3	3	3	0	1	3	3	0	1	1	5	1	1	3	3	1	1	0	2	1	0	1	0	0	0	1	0	0	0	0	0	0	0	0	0	1	0	0	0	0	0	0	0	0	0	0	0	0	0	0	0	0	0	0	0	0	0	0	0	0	0	0	0	0	0	0	0	0	0	0	0	0	0	0	0	0	0	0	0	0	0	0	0	0	0	0	0	0	0	0	0	0	0	0	0	0	0	0	0	0	0	0	0	0	0	0	0	0	0	0	0	0	0	0	0	0	0	0	0	0	0	0	0	0	0	0	0	0	0	0	0	0	0	0	0	0	0	0	0	0	0	0	0	0	0	0	0	0	0	0	0	0	0	0	0	0	0	0	0	0	0	0	0	0	0	0	0	0	0	0	0	0	0	0	0	0	0	0	0	0	0	0	0	0	0
variant calling	variant	0	0	0	0	0	0	1	0	0	1	0	1	0	0	0	3	2	0	0	0	1	0	0	0	1	2	7	0	3	6	6	4	2	5	7	2	2	5	4	6	8	2	5	2	1	0	2	6	3	4	3	5	1	3	5	5	2	4	1	2	3	3	7	7	10	8	12	4	1	3	2	2	5	4	5	2	4	9	4	2	1	3	2	1	2	0	1	2	3	1	2	0	0	1	0	0	0	0	0	2	0	0	0	0	1	0	0	0	0	0	0	1	0	0	0	0	0	0	0	0	0	0	0	0	0	0	0	0	0	0	0	0	0	0	0	0	0	0	0	0	0	0	0	0	0	0	0	0	0	0	0	0	0	0	0	0	0	0	0	0	0	0	0	0	0	0	0	0	0	0	0	0	0	0	0	0	0	0	0	0	0	0	0	0	0	0	0	0	0	0	0	0	0	0	0	0	0	0	0	0	0	0	0	0	0	0	0	0	0	0	0	0	0	0	0	0	0	0	0	0	0	0	0	0	0	0	0	0	0	0	0	0	0	0	0	0	0	0	0	0
scrnaseq	wet-lab	13	5	3	7	6	3	9	5	8	15	7	3	13	7	5	7	2	7	5	9	8	8	11	5	10	6	3	1	2	1	3	3	2	1	4	1	1	4	5	2	3	2	3	3	4	0	2	0	1	2	1	0	2	2	0	1	2	0	0	0	0	1	1	0	0	0	1	1	0	0	1	0	1	0	0	0	0	0	0	0	0	0	0	0	0	0	0	0	0	0	0	0	0	0	0	0	0	0	0	0	0	0	0	0	0	0	0	0	0	0	0	0	0	0	0	0	0	0	0	0	0	0	0	0	0	0	0	0	0	0	0	0	0	0	0	0	0	0	0	0	0	0	0	0	0	0	0	0	0	0	0	0	0	0	0	0	0	0	0	0	0	0	0	0	0	0	0	0	0	0	0	0	0	0	0	0	0	0	0	0	0	0	0	0	0	0	0	0	0	0	0	0	0	0	0	0	0	0	0	0	0	0	0	0	0	0	0	0	0	0	0	0	0	0	0	0	0	0	0	0	0	0	0	0	0	0	0	0	0	0	0	0	0	0	0	0	0	0	0	0
machine learning	tool	0	1	0	0	0	0	0	0	0	1	0	0	0	1	0	0	0	0	0	0	1	0	0	1	0	0	1	2	1	3	0	5	3	8	3	4	4	6	5	2	2	3	3	3	2	2	3	1	3	4	1	3	6	9	3	3	3	4	5	0	2	1	6	2	2	1	3	3	1	2	4	2	2	1	2	3	2	5	4	1	3	4	1	2	5	5	4	7	1	5	2	0	1	1	1	1	0	1	0	0	3	0	0	0	0	0	0	0	0	0	0	0	0	0	0	0	0	0	0	0	0	0	0	0	0	0	0	0	0	0	0	0	0	0	0	0	0	0	0	0	0	0	0	0	0	0	0	0	0	0	0	0	0	0	0	0	0	0	0	0	0	0	0	0	0	0	0	0	0	0	0	0	0	0	0	0	0	0	0	0	0	0	0	0	0	0	0	0	0	0	0	0	0	0	0	0	0	0	0	0	0	0	0	0	0	0	0	0	0	0	0	0	0	0	0	0	0	0	0	0	0	0	0	0	0	0	0	0	0	0	0	0	0	0	0	0	0	0	0	0
microbiome	wet-lab	4	5	0	4	3	1	4	3	2	1	3	2	4	5	7	3	5	8	2	1	2	4	3	6	6	5	3	3	3	0	2	2	1	3	1	2	6	0	4	1	4	3	3	1	7	1	1	2	1	0	3	0	0	1	2	0	3	5	1	2	2	2	1	0	2	0	2	3	0	0	5	0	1	2	0	3	3	2	1	0	1	0	3	1	0	2	1	1	1	0	0	0	1	0	0	2	0	0	0	0	0	0	0	0	0	0	0	0	0	0	0	0	0	0	0	0	0	0	0	0	0	0	0	0	0	0	0	0	0	0	0	0	0	0	0	0	0	0	0	0	0	0	0	0	0	0	0	0	0	0	0	0	0	0	0	0	0	0	0	0	0	0	0	0	0	0	0	0	0	0	0	0	0	0	0	0	0	0	0	0	0	0	0	0	0	0	0	0	0	0	0	0	0	0	0	0	0	0	0	0	0	0	0	0	0	0	0	0	0	0	0	0	0	0	0	0	0	0	0	0	0	0	0	0	0	0	0	0	0	0	0	0	0	0	0	0	0	0	0	0
